{
  "version": 2,
  "name": "estilismo-pro",
  "builds": [
    {
      "src": "*.html",
      "use": "@vercel/static"
    },
    {
      "src": "*.js",
      "use": "@vercel/static"
    }
  ],
  "routes": [
    {
      "src": "/",
      "dest": "/index.html"
    },
    {
      "src": "/app",
      "dest": "/estilismo_app.html"
    },
    {
      "src": "/help",
      "dest": "/scanner-help.html"
    },
    {
      "src": "/(.*)",
      "dest": "/$1"
    }
  ],
  "headers": [
    {
      "source": "/(.*)",
      "headers": [
        {
          "key": "X-Content-Type-Options",
          "value": "nosniff"
        },
        {
          "key": "X-Frame-Options",
          "value": "DENY"
        },
        {
          "key": "X-XSS-Protection",
          "value": "1; mode=block"
        },
        {
          "key": "Referrer-Policy",
          "value": "strict-origin-when-cross-origin"
        },
        {
          "key": "Permissions-Policy",
          "value": "camera=(), microphone=(), geolocation=()"
        },
        {
          "key": "Content-Security-Policy",
          "value": "default-src 'self' 'unsafe-inline' 'unsafe-eval' https://cdn.tailwindcss.com https://unpkg.com https://cdnjs.cloudflare.com https://fonts.googleapis.com https://via.placeholder.com; img-src 'self' data: blob: https://via.placeholder.com; media-src 'self' blob:"
        }
      ]
    },
    {
      "source": "/(.*\\.(js|css|png|jpg|jpeg|gif|ico|svg))",
      "headers": [
        {
          "key": "Cache-Control",
          "value": "public, max-age=31536000, immutable"
        }
      ]
    },
    {
      "source": "/service-worker.js",
      "headers": [
        {
          "key": "Cache-Control",
          "value": "public, max-age=0, must-revalidate"
        }
      ]
    }
  ],
  "functions": {
    "app/*.html": {
      "maxDuration": 10
    }
  }
}
